City_ID,City,Country,Date,Lat,Lng,Max Temp,Humidity,Cloudiness,Wind Speed
0,Yuci,CN,2021-11-22 01:05:53,37.6803,112.7319,24.55,20,0,11.18
1,Mahebourg,MU,2021-11-22 01:05:54,-20.4081,57.7,71.89,94,75,3.44
2,Rikitea,PF,2021-11-22 01:02:42,-23.1203,-134.9692,74.28,61,0,3.44
3,Ribeira Grande,PT,2021-11-22 01:02:47,38.5167,-28.7,64.85,84,99,28.41
4,Aswan,EG,2021-11-22 01:05:55,24.0934,32.907,62.94,49,0,8.28
5,Rio Grande,BR,2021-11-22 01:05:56,-32.035,-52.0986,70.07,70,0,8.37
6,Dikson,RU,2021-11-22 01:05:57,73.5069,80.5464,-12.62,78,8,11.63
7,Longyearbyen,SJ,2021-11-22 01:01:09,78.2186,15.6401,-3.96,86,74,4.21
8,San Patricio,US,2021-11-22 01:02:43,28.017,-97.5169,76.86,78,99,5.97
9,Rawson,AR,2021-11-22 01:05:58,-43.3002,-65.1023,65.88,51,100,14.07
10,Qesarya,IL,2021-11-22 01:05:59,32.5189,34.9046,59.34,65,3,6.33
11,Los Llanos De Aridane,ES,2021-11-22 01:02:40,28.6585,-17.9182,65.95,85,0,8.01
12,Tiarei,PF,2021-11-22 01:06:01,-17.5333,-149.3333,86.02,74,4,7.31
13,Tevaitoa,PF,2021-11-22 01:06:01,-16.7833,-151.5,79.54,67,0,6.02
14,Busselton,AU,2021-11-22 01:02:23,-33.65,115.3333,62.04,56,30,14.58
15,Umuarama,BR,2021-11-22 01:01:12,-23.7664,-53.325,72.36,63,26,0.54
16,Pacific Grove,US,2021-11-22 01:06:03,36.6177,-121.9166,71.28,54,1,1.99
17,Salalah,OM,2021-11-22 01:06:04,17.0151,54.0924,71.69,60,0,5.75
18,Yellowknife,CA,2021-11-22 01:01:27,62.456,-114.3525,5.41,90,100,11.01
19,Constitucion,CL,2021-11-22 01:06:05,-35.3333,-72.4167,57.0,78,7,12.15
20,Arraial Do Cabo,BR,2021-11-22 01:04:20,-22.9661,-42.0278,68.95,64,92,5.41
21,Mahibadhoo,MV,2021-11-22 01:06:06,3.7833,72.9667,81.36,77,23,14.47
22,Saurimo,AO,2021-11-22 01:06:06,-9.6608,20.3916,64.49,96,99,2.51
23,Phek,IN,2021-11-22 01:06:07,25.6667,94.5,43.97,90,10,1.43
24,Fortuna,US,2021-11-22 01:04:19,40.5982,-124.1573,56.98,69,1,0.0
25,Nazilli,TR,2021-11-22 01:06:08,37.9163,28.3223,50.4,65,0,2.1
26,Albany,US,2021-11-22 01:03:19,42.6001,-73.9662,48.78,65,100,1.01
27,Torbay,CA,2021-11-22 01:05:31,47.6666,-52.7314,30.27,82,100,4.07
28,Prince George,CA,2021-11-22 01:05:08,53.9166,-122.753,36.25,95,100,1.01
29,Bartow,US,2021-11-22 01:01:54,27.8964,-81.8431,72.03,83,90,0.0
30,Mataura,NZ,2021-11-22 01:06:11,-46.1927,168.8643,54.32,80,100,1.79
31,Lagoa,PT,2021-11-22 01:06:11,39.05,-27.9833,62.67,88,100,30.8
32,Barrow,US,2021-11-22 01:02:44,71.2906,-156.7887,-5.78,77,20,10.36
33,Punta Arenas,CL,2021-11-22 01:03:52,-53.15,-70.9167,39.31,75,75,18.41
34,Ushuaia,AR,2021-11-22 01:02:15,-54.8,-68.3,33.53,91,90,3.62
35,Hilo,US,2021-11-22 01:02:51,19.7297,-155.09,80.33,69,20,5.75
36,Sabang,ID,2021-11-22 01:06:14,5.8933,95.3214,80.94,76,95,5.75
37,Luderitz,NA,2021-11-22 01:06:14,-26.6481,15.1594,58.86,83,22,9.35
38,Sept-Iles,CA,2021-11-22 01:06:15,50.2001,-66.3821,33.06,89,100,1.99
39,Cabo San Lucas,MX,2021-11-22 01:01:46,22.8909,-109.9124,76.6,65,100,5.99
40,Pasni,PK,2021-11-22 01:06:16,25.2631,63.471,72.14,31,0,19.51
41,Saint George,US,2021-11-22 01:06:17,37.1041,-113.5841,55.99,25,1,4.61
42,Jamestown,US,2021-11-22 01:04:10,42.097,-79.2353,42.39,98,90,4.0
43,Kodiak,US,2021-11-22 01:01:26,57.79,-152.4072,25.38,64,1,7.34
44,Taian,CN,2021-11-22 01:06:19,36.1853,117.12,32.95,30,0,13.6
45,Vaini,TO,2021-11-22 01:02:29,-21.2,-175.2,79.7,76,19,4.5
46,Jutai,BR,2021-11-22 01:07:24,-5.1833,-68.9,73.62,97,96,0.45
47,Ponnani,IN,2021-11-22 01:07:25,10.767,75.9252,76.32,92,13,3.71
48,East London,ZA,2021-11-22 01:00:33,-33.0153,27.9116,68.77,82,100,13.42
49,Upernavik,GL,2021-11-22 01:07:26,72.7868,-56.1549,3.99,88,39,7.49
50,Yerbogachen,RU,2021-11-22 01:07:27,61.2767,108.0108,-14.67,99,39,5.39
51,Nicoya,CR,2021-11-22 01:07:27,10.1483,-85.452,76.55,91,4,1.54
52,Flinders,AU,2021-11-22 01:07:28,-34.5833,150.8552,70.81,59,95,11.41
53,Vila Velha,BR,2021-11-22 01:07:28,-20.3297,-40.2925,66.15,94,75,8.05
54,Cidreira,BR,2021-11-22 01:07:29,-30.1811,-50.2056,68.86,76,0,14.38
55,Chuy,UY,2021-11-22 01:07:30,-33.6971,-53.4616,67.93,80,0,7.81
56,Nelson Bay,AU,2021-11-22 01:02:17,-32.7167,152.15,66.76,92,100,4.0
57,Bathsheba,BB,2021-11-22 01:07:31,13.2167,-59.5167,79.41,78,20,12.66
58,Ostrovnoy,RU,2021-11-22 01:07:31,68.0531,39.5131,27.64,90,100,24.32
59,Pevek,RU,2021-11-22 01:04:15,69.7008,170.3133,-19.5,98,23,4.38
60,Changde,CN,2021-11-22 01:07:33,29.0464,111.6783,49.69,43,100,10.27
61,Sinop,TR,2021-11-22 01:07:33,41.7711,34.8709,43.54,73,6,11.01
62,Avarua,CK,2021-11-22 01:07:34,-21.2078,-159.775,80.65,78,75,4.61
63,Hithadhoo,MV,2021-11-22 01:07:35,-0.6,73.0833,80.58,80,71,11.86
64,Makakilo City,US,2021-11-22 01:04:06,21.3469,-158.0858,82.72,50,1,10.36
65,Dauphin,CA,2021-11-22 01:07:36,51.1494,-100.0502,5.99,87,61,8.9
66,Khatanga,RU,2021-11-22 01:04:13,71.9667,102.5,-34.46,98,6,3.65
67,Zhigansk,RU,2021-11-22 01:07:37,66.7697,123.3711,-31.22,99,100,3.76
68,Nemuro,JP,2021-11-22 01:07:37,43.3236,145.575,44.96,78,100,21.21
69,Cape Town,ZA,2021-11-22 00:58:29,-33.9258,18.4232,67.12,79,0,25.32
70,Jerome,US,2021-11-22 01:07:38,42.7241,-114.5186,40.55,75,1,8.05
71,Hermanus,ZA,2021-11-22 01:03:55,-34.4187,19.2345,67.89,88,100,17.29
72,Bredasdorp,ZA,2021-11-22 01:07:39,-34.5322,20.0403,62.28,90,100,15.37
73,Tuatapere,NZ,2021-11-22 01:02:30,-46.1333,167.6833,51.85,92,100,4.41
74,Lumeje,AO,2021-11-22 01:07:40,-11.55,20.7833,65.28,94,100,2.51
75,Butaritari,KI,2021-11-22 01:02:42,3.0707,172.7902,81.19,78,21,8.32
76,Bar Harbor,US,2021-11-22 01:03:53,44.3876,-68.2039,51.12,86,90,8.99
77,Airai,TL,2021-11-22 01:07:41,-8.9266,125.4092,74.1,58,100,1.25
78,Narsaq,GL,2021-11-22 01:03:12,60.9167,-46.05,34.02,98,97,3.56
79,Mlimba,TZ,2021-11-22 01:07:42,-8.8,35.8167,72.34,69,32,4.36
80,Bengkulu,ID,2021-11-22 01:04:32,-3.8004,102.2655,80.06,77,84,3.36
81,Hobart,AU,2021-11-22 01:02:32,-42.8794,147.3294,67.05,61,40,1.01
82,Myitkyina,MM,2021-11-22 01:07:44,25.3833,97.4,64.96,77,0,1.74
83,Castro,BR,2021-11-22 01:05:27,-24.7911,-50.0119,57.34,73,12,5.79
84,Harper,LR,2021-11-22 01:07:45,4.375,-7.7169,78.64,85,83,7.52
85,Boende,CD,2021-11-22 01:07:45,-0.2167,20.8667,71.31,98,100,1.74
86,Oranjestad,AW,2021-11-22 01:05:02,12.524,-70.027,82.35,78,20,12.66
87,Port Hardy,CA,2021-11-22 01:07:46,50.6996,-127.4199,45.45,89,100,21.7
88,Kopavogur,IS,2021-11-22 01:07:47,64.1123,-21.913,43.02,92,100,8.01
89,Sangar,RU,2021-11-22 01:07:48,63.9242,127.4739,-30.86,97,22,2.62
90,Saldanha,ZA,2021-11-22 01:07:48,-33.0117,17.9442,62.24,88,0,13.06
91,Byron Bay,AU,2021-11-22 01:05:56,-28.65,153.6167,75.16,88,100,4.61
92,Vangaindrano,MG,2021-11-22 01:07:49,-23.35,47.6,71.46,93,100,7.49
93,Tabou,CI,2021-11-22 01:08:50,4.423,-7.3528,78.37,85,69,6.26
94,Carutapera,BR,2021-11-22 01:08:50,-1.195,-46.02,79.52,82,46,8.14
95,Codrington,AU,2021-11-22 01:08:51,-38.2667,141.9667,65.97,54,83,9.46
96,Westport,US,2021-11-22 01:08:52,41.1415,-73.3579,54.09,91,90,7.0
97,Camopi,GF,2021-11-22 01:08:53,3.1655,-52.3158,73.35,97,18,3.24
98,Faanui,PF,2021-11-22 01:08:53,-16.4833,-151.75,79.92,68,6,6.93
99,Palaikastron,GR,2021-11-22 01:08:54,35.2,26.25,59.92,68,0,4.76
100,Port Alfred,ZA,2021-11-22 01:02:21,-33.5906,26.891,69.6,81,100,15.57
101,Korla,CN,2021-11-22 01:08:55,41.7597,86.1469,24.53,58,0,4.81
102,Mar Del Plata,AR,2021-11-22 00:59:03,-38.0023,-57.5575,62.87,82,0,4.61
103,Xichang,CN,2021-11-22 01:05:11,27.8964,102.2634,39.7,90,100,4.9
104,Aras,ES,2021-11-22 01:08:56,42.5617,-2.356,43.23,87,90,5.75
105,Necochea,AR,2021-11-22 01:08:57,-38.5473,-58.7368,59.04,75,6,6.38
106,Port-Gentil,GA,2021-11-22 01:08:58,-0.7193,8.7815,79.47,87,100,7.36
107,Ibicui,BR,2021-11-22 01:08:58,-14.8417,-39.9867,70.61,96,96,1.34
108,Klaksvik,FO,2021-11-22 01:03:59,62.2266,-6.589,45.52,81,99,33.24
109,Brae,GB,2021-11-22 01:08:59,60.3964,-1.353,46.31,88,100,22.06
110,Atuona,PF,2021-11-22 01:05:22,-9.8,-139.0333,78.39,72,99,11.03
111,San-Pedro,CI,2021-11-22 01:09:00,4.7485,-6.6363,78.12,88,92,5.37
112,Tuktoyaktuk,CA,2021-11-22 01:02:24,69.4541,-133.0374,-7.04,97,39,6.53
113,Vostok,RU,2021-11-22 01:09:02,46.4856,135.8833,31.66,72,95,25.97
114,Hambantota,LK,2021-11-22 01:09:02,6.1241,81.1185,70.14,100,63,2.3
115,San Rafael Del Sur,NI,2021-11-22 01:09:03,11.8485,-86.4384,79.07,73,24,12.3
116,Nanortalik,GL,2021-11-22 01:09:03,60.1432,-45.2371,31.64,95,98,10.45
117,Saint-Philippe,RE,2021-11-22 01:09:04,-21.3585,55.7679,72.99,69,3,1.05
118,Nikolskoye,RU,2021-11-22 01:09:05,59.7035,30.7861,28.4,65,85,10.36
119,Mumbwa,ZM,2021-11-22 01:09:05,-14.9783,27.0619,65.84,89,99,1.43
120,Poltavka,RU,2021-11-22 01:09:06,54.3663,71.7632,26.02,95,100,16.93
121,Cayenne,GF,2021-11-22 01:09:06,4.9333,-52.3333,82.09,85,20,3.0
122,Thompson,CA,2021-11-22 01:05:37,55.7435,-97.8558,4.33,82,14,9.42
123,Bluff,NZ,2021-11-22 01:03:56,-46.6,168.3333,51.94,74,100,9.82
124,Hami,CN,2021-11-22 01:09:08,42.8,93.45,24.33,52,1,1.59
125,Blagoyevo,RU,2021-11-22 01:09:09,63.3667,47.9167,20.37,97,100,3.11
126,Ponta Do Sol,PT,2021-11-22 01:04:11,32.6667,-17.1,69.01,85,20,3.09
127,Klaebu,NO,2021-11-22 01:09:10,63.2976,10.4826,34.05,93,100,9.57
128,Lebedinyy,RU,2021-11-22 01:09:11,58.5167,125.5167,-17.88,92,82,2.91
129,Abha,SA,2021-11-22 01:09:11,18.2164,42.5053,50.25,50,0,0.0
130,Qaanaaq,GL,2021-11-22 01:05:24,77.484,-69.3632,-9.33,73,22,5.79
131,Puerto Ayora,EC,2021-11-22 01:05:27,-0.7393,-90.3518,69.55,81,60,7.0
132,Saskylakh,RU,2021-11-22 01:05:28,71.9167,114.0833,-25.55,97,37,7.94
133,Aykhal,RU,2021-11-22 01:09:13,66.0,111.5,-13.27,95,100,2.68
134,Bethel,US,2021-11-22 01:09:14,41.3712,-73.414,52.2,83,90,0.0
135,Koppang,NO,2021-11-22 01:09:14,61.5706,11.0555,23.22,88,84,2.28
136,Mount Isa,AU,2021-11-22 01:04:00,-20.7333,139.5,89.37,29,0,6.91
137,Port Lincoln,AU,2021-11-22 01:09:15,-34.7333,135.8667,63.43,67,100,11.83
138,Lakatoro,VU,2021-11-22 01:09:16,-16.0999,167.4164,84.34,68,53,8.57
139,Michigan City,US,2021-11-22 01:09:17,41.7075,-86.895,47.01,49,75,20.71
140,La Peca,PE,2021-11-22 01:09:17,-5.6111,-78.435,69.06,85,100,1.68
141,Alofi,NU,2021-11-22 01:04:01,-19.0595,-169.9187,78.73,75,15,11.16
142,Lorengau,PG,2021-11-22 01:10:19,-2.0226,147.2712,86.18,66,39,4.9
143,Goderich,CA,2021-11-22 01:10:19,43.7501,-81.7165,43.92,84,100,29.21
144,Terrace Bay,CA,2021-11-22 01:10:20,48.7834,-87.1,20.84,74,98,22.55
145,Lasa,IT,2021-11-22 01:10:21,46.6166,10.7002,39.02,85,99,2.42
146,Araceli,PH,2021-11-22 01:10:22,10.5529,119.9913,83.53,76,17,7.16
147,Kapaa,US,2021-11-22 01:10:23,22.0752,-159.319,82.72,68,1,1.99
148,Santa Fe,AR,2021-11-22 01:08:16,-31.6333,-60.7,77.99,49,0,1.99
149,Dekar,BW,2021-11-22 01:10:24,-21.5333,21.9333,70.68,71,68,11.01
150,Chimbote,PE,2021-11-22 01:09:55,-9.0853,-78.5783,65.12,83,86,7.96
151,Palm Desert,US,2021-11-22 01:05:44,33.7222,-116.3745,78.03,16,1,6.91
152,Karratha,AU,2021-11-22 01:05:38,-20.7377,116.8463,79.11,56,100,7.72
153,Lebu,CL,2021-11-22 01:05:34,-37.6167,-73.65,54.59,94,61,17.94
154,Merauke,ID,2021-11-22 01:10:27,-8.4667,140.3333,86.77,66,90,4.41
155,Copiapo,CL,2021-11-22 01:10:28,-27.3667,-70.3333,55.09,42,100,2.04
156,Bowen,AU,2021-11-22 01:10:29,-20.0167,148.2333,81.77,60,79,11.83
157,Portobelo,PA,2021-11-22 01:10:29,9.55,-79.65,76.62,86,100,3.24
158,Yeppoon,AU,2021-11-22 01:10:30,-23.1333,150.7333,85.78,56,81,13.02
159,Chokurdakh,RU,2021-11-22 01:04:07,70.6333,147.9167,-16.91,100,100,2.53
160,Songjianghe,CN,2021-11-22 01:10:31,42.1859,127.479,15.22,90,100,10.87
161,Hofn,IS,2021-11-22 01:10:32,64.2539,-15.2082,43.57,62,100,11.27
162,Northam,GB,2021-11-22 01:10:32,51.0333,-4.2167,40.3,72,4,15.66
163,Abeche,TD,2021-11-22 01:10:33,13.8292,20.8324,74.53,21,98,17.49
164,Bambanglipuro,ID,2021-11-22 01:10:34,-7.95,110.2833,67.6,76,99,3.29
165,Sukabumi,ID,2021-11-22 01:10:35,-6.9181,106.9267,75.61,77,90,1.86
166,Novyye Burasy,RU,2021-11-22 01:10:35,52.1324,46.0714,40.84,98,100,10.65
167,Tecoanapa,MX,2021-11-22 01:10:36,16.5167,-98.75,80.38,74,0,3.15
168,Carnarvon,AU,2021-11-22 01:04:17,-24.8667,113.6333,70.12,55,0,19.26
169,Marsh Harbour,BS,2021-11-22 01:10:37,26.5412,-77.0636,77.09,80,20,14.63
170,Labuhan,ID,2021-11-22 01:10:37,-6.8844,112.2051,82.99,76,94,1.07
171,Torrington,US,2021-11-22 01:10:39,41.8007,-73.1212,50.5,85,100,1.99
172,Mamlyutka,KZ,2021-11-22 01:10:39,54.9375,68.5394,24.82,96,100,13.85
173,Ilulissat,GL,2021-11-22 01:10:40,69.2167,-51.1,24.82,74,75,11.5
174,Olinda,BR,2021-11-22 01:10:41,-8.0089,-34.8553,82.13,74,40,5.75
175,Muros,ES,2021-11-22 01:10:42,42.7762,-9.0603,52.23,88,55,17.05
176,Awbari,LY,2021-11-22 01:10:42,26.5921,12.7805,63.27,46,4,9.82
177,Kaura Namoda,NG,2021-11-22 01:10:43,12.5898,6.5779,75.97,21,0,8.37
178,Norman Wells,CA,2021-11-22 01:10:43,65.282,-126.8329,-14.73,100,97,1.01
179,Radviliskis,LT,2021-11-22 01:10:44,55.8167,23.5333,32.05,100,90,6.91
180,Tasiilaq,GL,2021-11-22 01:03:12,65.6145,-37.6368,32.16,98,100,10.67
181,Kavieng,PG,2021-11-22 01:04:05,-2.5744,150.7967,86.05,67,99,9.95
182,Clyde River,CA,2021-11-22 01:02:23,70.4692,-68.5914,3.43,85,93,4.61
183,Marawi,PH,2021-11-22 01:11:47,7.9986,124.2928,73.65,73,98,2.44
184,Jasper,US,2021-11-22 01:11:47,37.2001,-94.3502,50.56,50,1,1.01
185,Demidov,RU,2021-11-22 01:11:48,55.2706,31.515,32.02,82,23,9.82
186,Zaranj,AF,2021-11-22 01:11:50,30.9667,61.8833,53.83,20,0,3.49
187,Kendari,ID,2021-11-22 01:07:30,-3.945,122.4989,86.27,66,77,1.45
188,Port Elizabeth,ZA,2021-11-22 01:11:51,-33.918,25.5701,68.09,93,95,4.32
189,La Macarena,CO,2021-11-22 01:11:52,2.1837,-73.7849,71.89,96,75,3.4
190,Londa,IN,2021-11-22 01:11:53,15.4691,74.5191,69.51,95,94,1.88
191,Poum,NC,2021-11-22 01:11:53,-20.2333,164.0167,78.12,69,0,5.48
192,Rabo De Peixe,PT,2021-11-22 01:11:54,37.8,-25.5833,62.28,96,20,10.36
193,Fairbanks,US,2021-11-22 01:07:21,64.8378,-147.7164,-11.4,73,1,0.0
194,Jimo,CN,2021-11-22 01:11:55,36.3897,120.4622,36.23,48,5,18.39
195,Grand-Lahou,CI,2021-11-22 01:11:56,5.1367,-5.0242,79.3,86,99,4.54
196,Caravelas,BR,2021-11-22 01:11:57,-17.7125,-39.2481,71.64,88,100,10.89
197,Whitehorse,CA,2021-11-22 01:11:58,60.7161,-135.0538,0.3,84,100,3.0
198,Kamina,CD,2021-11-22 01:11:58,-8.7386,24.9906,62.17,91,98,3.58
199,Mao,ES,2021-11-22 01:11:59,39.8885,4.2658,54.16,94,20,5.75
200,Quelimane,MZ,2021-11-22 01:11:59,-17.8786,36.8883,76.32,87,100,5.17
201,Kruisfontein,ZA,2021-11-22 01:12:00,-34.0033,24.7314,65.88,96,100,5.23
202,Hays,US,2021-11-22 01:12:01,30.0502,-98.0336,68.32,63,100,7.0
203,Cotonou,BJ,2021-11-22 01:12:01,6.3654,2.4183,81.18,84,25,8.3
204,Neftegorsk,RU,2021-11-22 01:12:02,52.802,51.166,30.22,93,100,12.71
205,Balotra,IN,2021-11-22 01:12:03,25.8333,72.2333,71.58,24,3,8.43
206,North Plainfield,US,2021-11-22 01:12:04,40.6301,-74.4274,53.64,77,90,1.01
207,Provideniya,RU,2021-11-22 01:11:23,64.3833,-173.3,6.91,61,0,2.24
208,High Level,CA,2021-11-22 01:12:05,58.5169,-117.136,10.51,85,90,0.0
209,Alappuzha,IN,2021-11-22 01:12:06,9.49,76.3264,75.61,89,1,5.44
210,Itoman,JP,2021-11-22 01:12:07,26.1247,127.6694,77.77,85,40,8.05
211,Lavrentiya,RU,2021-11-22 01:12:08,65.5833,-171.0,-0.06,89,11,8.41
212,Altay,CN,2021-11-22 01:12:08,47.8667,88.1167,17.8,51,82,7.94
213,Roma,US,2021-11-22 01:12:09,43.2128,-75.4557,44.74,82,90,5.75
214,Manta,EC,2021-11-22 01:12:10,-0.95,-80.7333,71.38,88,90,6.91
215,Buala,SB,2021-11-22 01:12:11,-8.145,159.5921,86.97,64,14,6.17
216,Magadan,RU,2021-11-22 01:12:11,59.5667,150.8,12.24,72,99,12.82
217,Mecca,SA,2021-11-22 01:10:28,21.4267,39.8261,70.92,52,0,8.48
218,Okhotsk,RU,2021-11-22 01:12:13,59.3833,143.3,5.14,88,91,15.12
219,Samarai,PG,2021-11-22 01:12:13,-10.6167,150.6667,84.54,74,90,15.23
220,Callaguip,PH,2021-11-22 01:12:14,18.0714,120.4867,81.5,75,0,5.46
221,Sandwick,GB,2021-11-22 01:12:15,60.0,-1.25,46.22,81,90,20.71
222,Port Blair,IN,2021-11-22 01:12:16,11.6667,92.75,82.69,80,10,10.13
223,Mogadishu,SO,2021-11-22 01:12:17,2.0371,45.3438,78.31,73,97,8.97
224,Valdemarpils,LV,2021-11-22 01:12:18,57.3707,22.5919,29.62,66,7,6.49
225,Bartlesville,US,2021-11-22 01:13:18,36.7473,-95.9808,53.11,53,1,0.0
226,Saucillo,MX,2021-11-22 01:13:19,28.0167,-105.2833,70.81,35,100,10.87
227,Hasaki,JP,2021-11-22 01:13:20,35.7333,140.8333,61.09,83,100,29.91
228,San Lorenzo,PY,2021-11-22 01:12:47,-25.3333,-57.5333,76.14,83,0,0.0
229,Dali,CN,2021-11-22 01:13:21,25.7,100.1833,53.11,80,40,3.13
230,Leh,IN,2021-11-22 01:13:22,34.1667,77.5833,13.75,62,0,3.09
231,Adilabad,IN,2021-11-22 01:13:22,19.6667,78.5333,73.09,89,100,1.63
232,Dubbo,AU,2021-11-22 01:13:23,-32.25,148.6167,68.13,64,99,19.57
233,Zhucheng,CN,2021-11-22 01:13:24,35.9947,119.3975,34.36,37,0,19.06
234,Itarema,BR,2021-11-22 01:13:25,-2.9248,-39.9167,79.57,78,30,13.6
235,Daru,PG,2021-11-22 01:13:25,-9.0763,143.2092,86.43,68,47,7.38
236,Pisco,PE,2021-11-22 01:09:28,-13.7,-76.2167,64.45,82,0,13.8
237,Kamenka,RU,2021-11-22 01:13:26,51.3223,42.7678,44.74,78,100,22.84
238,Campbellsville,US,2021-11-22 01:13:28,37.3434,-85.3419,52.36,72,100,5.46
239,Mukhen,RU,2021-11-22 01:13:29,48.1,136.1,30.25,70,100,16.22
240,Aberdeen,GB,2021-11-22 01:13:29,57.1437,-2.0981,41.49,91,19,9.22
241,Clonakilty,IE,2021-11-22 01:13:30,51.6231,-8.8706,40.21,83,2,12.91
242,Srednekolymsk,RU,2021-11-22 01:13:30,67.45,153.6833,-23.85,100,100,0.18
243,Vao,NC,2021-11-22 01:05:33,-22.6667,167.4833,74.44,78,4,9.28
244,Kargasok,RU,2021-11-22 01:13:31,59.0556,80.8572,14.07,93,98,10.49
245,Corrente,BR,2021-11-22 01:13:32,-3.7367,-43.3394,75.18,88,23,3.62
246,Iwase,JP,2021-11-22 01:13:33,36.35,140.1,60.58,91,100,1.83
247,Talnakh,RU,2021-11-22 01:05:43,69.4865,88.3972,-19.44,79,21,9.15
248,Leon,MX,2021-11-22 01:12:25,21.1167,-101.6667,68.05,37,3,2.48
249,Iqaluit,CA,2021-11-22 01:11:50,63.7506,-68.5145,7.5,95,100,2.98
250,Cockburn Town,TC,2021-11-22 01:13:35,21.4612,-71.1419,76.96,78,40,16.11
251,New Norfolk,AU,2021-11-22 01:13:36,-42.7826,147.0587,66.76,39,40,1.99
252,Tsaratanana,MG,2021-11-22 01:13:37,-16.7833,47.65,74.84,76,94,2.57
253,Bilibino,RU,2021-11-22 01:13:38,68.0546,166.4372,-18.53,86,4,3.27
254,Baleshwar,IN,2021-11-22 01:13:38,21.4942,86.9317,73.42,83,10,4.38
255,Uruacu,BR,2021-11-22 01:13:39,-14.5247,-49.1408,73.67,85,100,0.09
256,Pushkino,RU,2021-11-22 01:13:40,56.0172,37.8667,34.09,91,91,9.17
257,Arman,RU,2021-11-22 01:13:41,59.7,150.1667,11.88,76,100,9.98
258,Baruun-Urt,MN,2021-11-22 01:13:42,46.6806,113.2792,0.97,83,5,6.67
259,Sharkan,RU,2021-11-22 01:13:43,57.2989,53.8712,26.17,89,90,10.11
260,Coruripe,BR,2021-11-22 01:13:43,-10.1256,-36.1756,77.77,81,5,10.13
261,Dunedin,NZ,2021-11-22 01:12:59,-45.8742,170.5036,52.23,83,100,4.74
262,San Cristobal,VE,2021-11-22 01:13:44,7.7669,-72.225,71.78,94,94,1.54
263,Asau,RO,2021-11-22 01:13:45,46.4333,26.4,42.76,62,93,5.1
264,Isangel,VU,2021-11-22 01:13:46,-19.55,169.2667,82.13,71,100,8.84
265,Bin Qirdan,TN,2021-11-22 01:13:47,33.1378,11.2197,62.22,63,57,8.55
266,Nome,US,2021-11-22 01:13:47,64.5011,-165.4064,-0.33,72,1,3.44
267,Emba,KZ,2021-11-22 01:13:53,48.8264,58.1442,32.65,82,100,24.72
268,Mount Pleasant,US,2021-11-22 01:10:07,32.7941,-79.8626,63.0,87,75,4.0
269,Deputatskiy,RU,2021-11-22 01:13:55,69.3,139.9,-15.21,100,100,1.34
270,Najran,SA,2021-11-22 01:13:56,17.4924,44.1277,64.54,40,74,1.39
271,Paranga,RU,2021-11-22 01:13:56,56.7039,49.4047,24.58,91,100,9.73
272,Doha,QA,2021-11-22 01:10:45,25.2867,51.5333,78.69,78,0,3.44
273,Baherden,TM,2021-11-22 01:14:57,38.4362,57.4316,48.9,51,22,3.06
274,Sechura,PE,2021-11-22 01:14:58,-5.5569,-80.8222,66.47,74,100,13.18
275,Conceicao Do Araguaia,BR,2021-11-22 01:14:58,-8.2578,-49.2647,77.56,85,97,3.71
276,Hualmay,PE,2021-11-22 01:14:59,-11.0964,-77.6139,65.21,84,100,7.54
277,Batemans Bay,AU,2021-11-22 01:15:00,-35.7167,150.1833,66.9,59,44,8.16
278,Cosina,PH,2021-11-22 01:15:00,8.1061,124.6197,74.26,68,71,1.68
279,Otane,NZ,2021-11-22 01:15:01,-39.8833,176.6333,68.38,58,99,0.94
280,Champerico,GT,2021-11-22 01:15:02,14.3,-91.9167,83.35,78,25,6.15
281,Margate,GB,2021-11-22 01:15:02,51.3813,1.3862,44.69,86,8,27.16
282,Solnechnyy,RU,2021-11-22 01:15:03,50.7214,136.6319,10.29,83,100,8.28
283,Medowie,AU,2021-11-22 01:15:04,-32.7333,151.8667,68.65,94,90,18.41
284,San Quintin,MX,2021-11-22 01:15:05,30.4833,-115.95,64.2,75,100,8.9
285,Kuybysheve,UA,2021-11-22 01:15:05,47.358,36.6491,41.76,92,22,12.59
286,Te Anau,NZ,2021-11-22 01:15:06,-45.4167,167.7167,53.55,89,97,2.28
287,Khani,GE,2021-11-22 01:15:07,41.9563,42.9566,38.77,74,1,5.64
288,Hokitika,NZ,2021-11-22 01:15:08,-42.7167,170.9667,61.81,66,13,7.07
289,Haines Junction,CA,2021-11-22 01:15:09,60.7522,-137.5108,-2.25,78,100,3.44
290,Coihaique,CL,2021-11-22 01:15:10,-45.5752,-72.0662,53.55,66,75,2.3
291,Anadyr,RU,2021-11-22 01:15:10,64.75,177.4833,-3.5,77,0,8.95
292,Lodja,CD,2021-11-22 01:15:11,-3.4833,23.4333,67.62,99,100,2.53
293,Dingle,PH,2021-11-22 01:15:12,10.9995,122.6711,83.64,78,28,7.16
294,Abong Mbang,CM,2021-11-22 01:15:13,3.9833,13.1833,67.51,94,100,0.72
295,Ahipara,NZ,2021-11-22 01:15:14,-35.1667,173.1667,67.77,83,100,2.8
296,Naze,JP,2021-11-22 01:15:14,28.3667,129.4833,68.92,84,81,13.51
297,Penzance,GB,2021-11-22 01:15:15,50.1186,-5.5371,46.76,66,4,23.06
298,San Matias,BO,2021-11-22 01:11:09,-16.3667,-58.4,75.81,91,100,4.03
299,Tyukhtet,RU,2021-11-22 01:15:16,56.5389,89.3011,22.19,80,100,8.5
300,Mae Hong Son,TH,2021-11-22 01:15:17,19.3003,97.9685,66.34,100,20,0.0
301,Georgetown,MY,2021-11-22 01:15:17,5.4112,100.3354,82.33,88,20,4.61
302,Surat Thani,TH,2021-11-22 01:15:18,9.1667,99.25,81.18,100,40,1.14
303,Esperance,AU,2021-11-22 01:15:19,-33.8667,121.9,70.29,56,0,12.77
304,Meulaboh,ID,2021-11-22 01:15:20,4.1363,96.1285,77.2,85,95,2.77
305,Kirkenaer,NO,2021-11-22 01:15:20,60.4564,12.0582,25.0,75,69,1.95
306,Saint-Pierre,RE,2021-11-22 01:15:21,-21.3393,55.4781,73.08,64,0,6.91
307,Nola,IT,2021-11-22 01:15:22,40.922,14.5329,59.56,87,100,2.64
308,Santa Rosa,PH,2021-11-22 01:14:15,14.3122,121.1114,86.11,72,3,5.77
309,Zlobin,HR,2021-11-22 01:15:23,45.2924,14.6541,44.15,87,75,1.14
310,Jinchang,CN,2021-11-22 01:15:24,38.4953,102.1739,27.28,34,0,0.83
311,Kaitangata,NZ,2021-11-22 01:15:24,-46.2817,169.8464,51.04,87,100,4.5
312,Arlit,NE,2021-11-22 01:15:25,18.7369,7.3853,73.92,22,1,1.34
313,Cabra,ES,2021-11-22 01:15:26,37.4725,-4.4421,55.9,90,99,3.71
314,Tuensang,IN,2021-11-22 01:15:26,26.2833,94.8333,57.04,94,6,2.62
315,Sao Joao Da Barra,BR,2021-11-22 01:04:10,-21.6403,-41.0511,68.68,72,98,8.19
316,Ratnagiri,IN,2021-11-22 01:15:28,16.9833,73.3,76.14,90,56,5.21
317,Guerrero Negro,MX,2021-11-22 01:15:29,27.9769,-114.0611,66.25,71,100,9.37
318,Akhaldaba,GE,2021-11-22 01:15:29,41.654,42.1516,39.76,73,2,6.26
319,Eyl,SO,2021-11-22 01:16:30,7.9803,49.8164,74.25,77,25,8.75
320,Lewistown,US,2021-11-22 01:16:31,40.5992,-77.5714,42.94,90,90,0.0
321,Kalmunai,LK,2021-11-22 01:16:32,7.4167,81.8167,75.31,85,100,4.65
322,Alta,NO,2021-11-22 01:16:33,69.9689,23.2717,20.44,75,90,4.61
323,Qui Nhon,VN,2021-11-22 01:16:34,13.7667,109.2333,77.9,88,65,9.86
324,Tateyama,JP,2021-11-22 01:16:34,34.9833,139.8667,62.53,88,75,5.75
325,Hargeysa,SO,2021-11-22 01:16:35,9.56,44.065,60.71,90,29,8.23
326,Kavaratti,IN,2021-11-22 01:16:35,10.5669,72.642,80.56,74,5,5.75
327,Fort Saint James,CA,2021-11-22 01:16:36,54.4333,-124.25,33.76,87,100,6.22
328,Launceston,AU,2021-11-22 01:16:37,-41.45,147.1667,71.62,44,40,5.01
329,Severo-Kurilsk,RU,2021-11-22 01:16:37,50.6789,156.125,38.48,88,34,12.17
330,Smyrna,US,2021-11-22 01:14:57,33.884,-84.5144,59.79,82,90,3.44
331,Victoria,HK,2021-11-22 01:16:38,22.2855,114.1577,69.33,89,100,3.0
332,Dargaville,NZ,2021-11-22 01:16:39,-35.9333,173.8833,69.93,78,100,5.21
333,Esil,KZ,2021-11-22 01:16:40,51.9556,66.4042,29.79,96,100,23.8
334,Saint-Augustin,CA,2021-11-22 01:16:40,51.226,-58.6502,32.63,85,68,5.3
335,Barentu,ER,2021-11-22 01:16:41,15.1139,37.5928,69.13,73,10,3.04
336,Sioux Lookout,CA,2021-11-22 01:16:41,50.1001,-91.917,19.47,79,90,21.85
337,The Valley,AI,2021-11-22 01:16:43,18.217,-63.0578,80.1,73,1,12.95
338,Namibe,AO,2021-11-22 01:16:43,-15.1961,12.1522,66.76,82,84,5.03
339,Scarborough,GB,2021-11-22 01:16:44,54.2797,-0.4044,45.91,79,6,4.0
340,Vernon,CA,2021-11-22 01:11:46,50.2581,-119.2691,41.61,76,100,8.01
341,College,US,2021-11-22 01:16:45,64.8569,-147.8028,-11.42,72,40,0.0
342,Spirit River,CA,2021-11-22 01:16:46,55.7833,-118.8361,38.75,92,100,6.02
343,Villafranca De Los Barros,ES,2021-11-22 01:16:47,38.5614,-6.3381,51.82,92,11,3.6
344,Praia Da Vitoria,PT,2021-11-22 01:16:48,38.7333,-27.0667,64.76,94,40,24.43
345,Tura,IN,2021-11-22 01:16:48,25.5198,90.2201,62.15,79,6,2.57
346,Mehamn,NO,2021-11-22 01:16:42,71.0357,27.8492,27.34,64,100,22.37
347,Obihiro,JP,2021-11-22 01:16:49,42.9172,143.2044,33.21,95,100,3.51
348,Lerik,AZ,2021-11-22 01:16:50,38.7726,48.4128,26.24,75,1,3.24
349,Manadhoo,MV,2021-11-22 01:16:51,5.7667,73.3833,81.34,73,53,13.82
350,Tiksi,RU,2021-11-22 01:16:52,71.6872,128.8694,-16.58,99,97,0.34
351,Shieli,KZ,2021-11-22 01:16:52,44.1667,66.75,42.44,62,100,11.05
352,Angoche,MZ,2021-11-22 01:16:53,-16.2325,39.9086,77.49,84,93,4.34
353,Asfi,MA,2021-11-22 01:16:54,32.2994,-9.2372,62.13,76,22,6.8
354,Manokwari,ID,2021-11-22 01:16:54,-0.8667,134.0833,84.96,62,43,3.87
355,Yantikovo,RU,2021-11-22 01:16:55,55.8216,47.9104,27.32,93,97,12.39
356,Makinsk,KZ,2021-11-22 01:16:55,52.6292,70.4169,29.59,95,100,21.34
357,Tessalit,ML,2021-11-22 01:16:56,20.1986,1.0114,69.03,29,1,9.1
358,Sisophon,KH,2021-11-22 01:16:56,13.5859,102.9737,79.61,84,17,5.95
359,Paciran,ID,2021-11-22 01:16:57,-6.8767,112.3761,83.82,73,81,1.83
360,Oistins,BB,2021-11-22 01:16:58,13.0667,-59.5333,78.89,78,20,12.66
361,Porangatu,BR,2021-11-22 01:16:58,-13.4408,-49.1486,72.18,96,100,2.17
362,Kedougou,SN,2021-11-22 01:16:59,12.5579,-12.1743,76.86,24,43,2.71
363,Mitu,CO,2021-11-22 01:14:12,1.1983,-70.1733,71.08,98,60,1.43
364,Beboto,TD,2021-11-22 01:17:01,8.2668,16.939,71.83,36,6,3.62
365,Bernburg,DE,2021-11-22 01:17:01,51.8,11.7333,42.62,97,89,6.89
366,Poquoson,US,2021-11-22 01:15:08,37.1224,-76.3458,59.02,93,90,0.0
367,Alice Springs,AU,2021-11-22 01:18:02,-23.7,133.8833,80.15,28,100,13.4
368,Guarapari,BR,2021-11-22 01:18:03,-20.6667,-40.4975,66.09,83,90,8.43
369,Kardla,EE,2021-11-22 01:18:04,58.9978,22.7492,29.05,48,0,11.16
370,Coahuayana,MX,2021-11-22 01:18:05,18.7333,-103.6833,83.68,83,0,0.43
371,El Alto,PE,2021-11-22 01:18:06,-4.2714,-81.2147,62.38,83,92,12.55
372,Mezen,RU,2021-11-22 01:18:07,65.8522,44.24,17.89,96,100,3.42
373,Bambous Virieux,MU,2021-11-22 01:18:07,-20.3428,57.7575,71.85,94,75,3.44
374,Albury,AU,2021-11-22 01:18:08,-36.0833,146.9167,78.15,66,2,8.05
375,Salina,US,2021-11-22 01:14:12,38.8403,-97.6114,43.18,57,1,4.0
376,Garden City,US,2021-11-22 01:17:49,42.3256,-83.331,44.11,92,20,1.01
377,Luwuk,ID,2021-11-22 01:18:09,-0.9516,122.7875,85.21,70,41,2.1
378,Sinjai,ID,2021-11-22 01:18:10,-5.1241,120.253,85.51,67,79,2.06
379,Kieta,PG,2021-11-22 01:18:11,-6.2167,155.6333,86.02,66,37,4.79
380,Trairi,BR,2021-11-22 01:16:25,-3.2778,-39.2689,78.94,79,63,7.94
381,Santa Barbara,US,2021-11-22 01:15:12,34.7333,-120.0343,66.78,34,1,0.0
382,Matadi,CD,2021-11-22 01:18:12,-5.8167,13.45,76.06,95,100,2.48
383,Ailigandi,PA,2021-11-22 01:18:13,9.2333,-78.0167,78.51,86,100,5.17
384,Grand-Santi,GF,2021-11-22 01:18:13,4.25,-54.3833,73.08,97,12,2.55
385,Puerto Madryn,AR,2021-11-22 01:18:14,-42.7692,-65.0385,57.49,67,100,3.67
386,Half Moon Bay,US,2021-11-22 01:18:15,37.4636,-122.4286,67.33,63,1,1.01
387,Catio,GW,2021-11-22 01:18:15,11.2833,-15.25,78.93,84,5,5.3
388,Magistralnyy,RU,2021-11-22 01:18:16,56.1725,107.4458,3.9,92,100,3.74
389,Nampula,MZ,2021-11-22 01:18:17,-15.1165,39.2666,69.51,94,81,1.28
390,Dakar,SN,2021-11-22 01:17:29,14.6937,-17.4441,77.88,81,90,17.92
391,Shawinigan,CA,2021-11-22 01:18:18,46.5668,-72.7491,37.81,93,100,6.91
392,Xining,CN,2021-11-22 01:16:44,36.6167,101.7667,23.34,50,2,2.24
393,Straumen,NO,2021-11-22 01:18:19,63.8709,11.2999,35.6,91,100,9.71
394,Carbonia,IT,2021-11-22 01:18:20,39.1672,8.5222,53.01,90,100,4.99
395,Ossora,RU,2021-11-22 01:18:20,59.2353,163.0719,18.99,93,100,15.08
396,Gimli,CA,2021-11-22 01:18:21,50.6336,-96.9907,10.42,79,62,5.75
397,Cherskiy,RU,2021-11-22 01:18:22,68.75,161.3,-30.69,99,16,4.81
398,Sorland,NO,2021-11-22 01:18:22,67.667,12.6934,34.88,84,100,7.58
399,Udachnyy,RU,2021-11-22 01:18:23,66.4167,112.4,-9.06,99,100,2.86
400,Touros,BR,2021-11-22 01:18:24,-5.1989,-35.4608,81.5,75,10,12.84
401,Comodoro Rivadavia,AR,2021-11-22 01:15:10,-45.8667,-67.5,55.26,82,40,14.97
402,Portland,US,2021-11-22 01:17:45,45.5234,-122.6762,46.33,87,75,4.0
403,Bronnoysund,NO,2021-11-22 01:18:25,65.4625,12.1997,35.6,87,90,14.97
404,Nueva Imperial,CL,2021-11-22 01:18:26,-38.7333,-72.95,54.25,89,84,7.74
405,Gizo,SB,2021-11-22 01:18:27,-8.103,156.8419,85.55,67,18,7.9
406,Soderhamn,SE,2021-11-22 01:18:27,61.3037,17.0592,23.99,69,21,6.64
407,Naduvattam,IN,2021-11-22 01:18:28,11.4833,76.5667,51.76,96,6,1.95
408,Sosnovka,RU,2021-11-22 01:18:29,56.255,51.2842,25.12,89,86,10.22
409,Husavik,IS,2021-11-22 01:18:30,66.0449,-17.3389,44.51,79,65,11.77
410,Mareeba,AU,2021-11-22 01:18:30,-17.0,145.4333,90.32,28,4,2.13
411,North Bend,US,2021-11-22 01:18:31,43.4065,-124.2243,52.92,92,1,3.44
412,Aksay,RU,2021-11-22 01:18:32,47.26,39.87,45.25,82,97,18.99
413,Ushirombo,TZ,2021-11-22 01:19:32,-3.4919,31.9639,67.3,83,100,0.81
414,Sao Filipe,CV,2021-11-22 01:19:33,14.8961,-24.4956,81.97,64,100,12.06
415,Dhuburi,IN,2021-11-22 01:19:34,26.0333,89.9667,65.53,82,15,4.72
416,Linjiang,CN,2021-11-22 01:19:34,41.8069,126.9078,20.84,85,95,11.18
417,Chara,RU,2021-11-22 01:19:35,56.9064,118.2631,-6.45,89,100,1.14
418,Sao Jose Da Coroa Grande,BR,2021-11-22 01:19:36,-8.8978,-35.1478,78.48,78,12,9.13
419,Songea,TZ,2021-11-22 01:19:37,-10.6833,35.65,62.71,69,20,4.83
420,Geraldton,AU,2021-11-22 01:15:37,-28.7667,114.6,72.01,53,75,16.11
421,Stavern,NO,2021-11-22 01:19:39,59.0,10.0333,33.37,85,98,6.38
422,Puerto Del Rosario,ES,2021-11-22 01:19:39,28.5004,-13.8627,64.15,82,100,4.61
423,Ambilobe,MG,2021-11-22 01:19:40,-13.2,49.05,72.28,85,4,3.27
424,Casablanca,MA,2021-11-22 01:16:38,33.5928,-7.6192,62.33,93,18,4.0
425,Sovetskiy,RU,2021-11-22 01:19:41,61.3614,63.5842,21.07,98,100,1.59
426,Batagay-Alyta,RU,2021-11-22 01:19:42,67.8006,130.4114,-9.54,99,99,1.72
427,Kaitong,CN,2021-11-22 01:19:42,44.8135,123.15,17.53,85,99,13.58
428,Linhares,BR,2021-11-22 01:19:43,-19.3911,-40.0722,65.64,95,100,6.55
429,Strelka,RU,2021-11-22 01:19:44,58.0728,93.0344,15.93,91,100,5.66
430,Chaman,PK,2021-11-22 01:19:45,30.9236,66.4512,42.8,34,0,0.92
431,Kodinsk,RU,2021-11-22 01:19:45,58.6881,99.1844,11.08,98,100,3.53
432,Paracuru,BR,2021-11-22 01:19:46,-3.41,-39.0306,81.1,81,20,8.32
433,Coquimbo,CL,2021-11-22 01:16:14,-29.9533,-71.3436,56.93,94,90,5.75
434,Cap Malheureux,MU,2021-11-22 01:19:47,-19.9842,57.6142,72.09,82,0,12.39
435,Yulara,AU,2021-11-22 01:19:48,-25.2406,130.9889,84.04,23,100,16.11
436,Ixtapa,MX,2021-11-22 01:19:34,20.7,-105.2,79.83,69,1,4.61
437,Oktyabrskiy,RU,2021-11-22 01:19:49,54.4815,53.471,30.34,89,100,14.97
438,Leningradskiy,RU,2021-11-22 01:19:49,69.3833,178.4167,-14.8,99,42,3.69
439,Broome,US,2021-11-22 01:19:50,42.2506,-75.833,43.2,77,90,1.01
440,Puerto Baquerizo Moreno,EC,2021-11-22 01:19:51,-0.9,-89.6,67.73,77,87,13.2
441,Dunhua,CN,2021-11-22 01:19:51,43.3725,128.2425,17.89,82,99,14.81
442,Male,MV,2021-11-22 01:19:52,4.1748,73.5089,81.32,76,15,13.89
443,Luziania,BR,2021-11-22 01:19:53,-16.2525,-47.9503,71.29,87,100,0.81
444,Sur,OM,2021-11-22 01:17:46,22.5667,59.5289,76.01,46,71,14.03
445,Souillac,MU,2021-11-22 01:19:35,-20.5167,57.5167,71.98,94,75,3.44
446,Sesheke,ZM,2021-11-22 01:19:54,-17.4759,24.2968,68.72,79,100,3.83
447,Ascension,US,2021-11-22 01:19:55,30.2169,-90.9001,69.8,91,1,3.44
448,Luganville,VU,2021-11-22 01:19:56,-15.5333,167.1667,84.36,71,97,8.55
449,Oranjemund,NA,2021-11-22 01:19:56,-28.55,16.4333,62.26,84,100,7.72
450,Beloha,MG,2021-11-22 01:19:57,-25.1667,45.05,65.1,73,0,10.16
451,Berlevag,NO,2021-11-22 01:19:58,70.8578,29.0864,23.36,86,100,7.99
452,Dedougou,BF,2021-11-22 01:19:58,12.4667,-3.4667,76.5,17,18,7.23
453,Muzaffarabad,PK,2021-11-22 01:19:59,34.37,73.4711,51.73,26,0,6.49
454,Takhtamygda,RU,2021-11-22 01:20:00,54.1,123.5667,8.47,54,100,6.02
455,Faya,SA,2021-11-22 01:20:01,18.3851,42.4509,53.71,53,10,0.81
456,Urucara,BR,2021-11-22 01:20:02,-2.5364,-57.76,76.03,93,100,2.66
457,Lucapa,AO,2021-11-22 01:20:02,-8.4192,20.7447,64.49,98,100,2.55
458,Mount Dora,US,2021-11-22 01:20:03,28.8025,-81.6445,73.56,85,90,5.75
459,Acapulco,MX,2021-11-22 01:20:04,16.8634,-99.8901,82.22,78,40,3.44
460,Tual,ID,2021-11-22 01:20:05,-5.6667,132.75,83.89,71,95,6.49
461,Kolchugino,RU,2021-11-22 01:21:06,56.3,39.3833,29.62,88,100,7.85
462,Honiara,SB,2021-11-22 01:21:07,-9.4333,159.95,87.58,58,13,4.54
463,Rocha,UY,2021-11-22 01:21:08,-34.4833,-54.3333,71.38,60,5,8.99
464,Salinopolis,BR,2021-11-22 01:16:48,-0.6136,-47.3561,80.92,81,100,11.74
465,Akcaabat,TR,2021-11-22 01:21:10,41.0212,39.5715,49.87,76,0,2.3
466,Sitka,US,2021-11-22 01:16:50,57.0531,-135.33,42.69,87,90,12.66
467,Kokopo,PG,2021-11-22 01:21:11,-4.352,152.2633,85.91,60,16,4.76
468,Ciudad Bolivar,VE,2021-11-22 01:21:12,8.1222,-63.5497,80.17,74,97,8.23
469,Erzurum,TR,2021-11-22 01:21:12,40.0,41.5,19.08,85,6,1.52
470,Agadez,NE,2021-11-22 01:21:14,19.75,10.25,73.76,23,92,10.13
471,Boddam,GB,2021-11-22 01:21:14,57.4667,-1.7833,41.38,76,22,17.25
472,Manaure,CO,2021-11-22 01:16:42,11.7751,-72.4445,80.44,77,95,14.18
473,Atar,MR,2021-11-22 01:21:16,20.5169,-13.0499,81.52,35,100,9.13
474,Dudinka,RU,2021-11-22 01:21:16,69.4058,86.1778,-10.43,79,44,10.63
475,Balikpapan,ID,2021-11-22 01:21:17,-1.2675,116.8289,85.19,84,20,4.61
476,Digoin,FR,2021-11-22 01:21:18,46.4812,3.9795,39.13,99,90,1.14
477,Livingstone,ZM,2021-11-22 01:21:19,-17.8419,25.8543,70.5,79,100,2.15
478,Port Hedland,AU,2021-11-22 01:21:19,-20.3167,118.5667,86.05,45,100,13.8
479,Bandrele,YT,2021-11-22 01:21:20,-12.9067,45.1914,78.55,78,90,4.61
480,Pineville,US,2021-11-22 01:21:21,31.3224,-92.4343,67.93,84,90,0.0
481,Ternate,ID,2021-11-22 01:21:22,0.8,127.4,84.0,74,100,4.63
482,Poya,NC,2021-11-22 01:21:23,-21.35,165.15,85.23,55,15,7.83
483,Chapais,CA,2021-11-22 01:17:46,49.7834,-74.8492,31.78,86,100,15.05
484,Werda,BW,2021-11-22 01:21:24,-25.2667,23.2833,67.08,80,0,18.03
485,Kattivakkam,IN,2021-11-22 01:21:25,13.2167,80.3167,77.09,93,100,8.66
486,Mweka,CD,2021-11-22 01:21:26,-4.85,21.5667,65.73,99,94,1.7
487,Hirara,JP,2021-11-22 01:21:27,24.8,125.2833,79.07,78,40,4.61
488,Yakeshi,CN,2021-11-22 01:21:28,49.2833,120.7333,10.67,86,100,9.19
489,Valparaiso,CL,2021-11-22 01:21:28,-33.0393,-71.6273,55.04,94,90,8.05
490,Kiruna,SE,2021-11-22 01:21:29,67.8557,20.2251,11.32,79,90,5.75
491,Singaraja,ID,2021-11-22 01:21:30,-8.112,115.0882,85.96,77,95,3.83
492,Moron,AR,2021-11-22 01:21:30,-34.6534,-58.6198,83.01,43,2,1.99
493,Taltal,CL,2021-11-22 01:21:31,-25.4,-70.4833,63.19,74,100,1.92
494,Porto Nacional,BR,2021-11-22 01:21:32,-10.7081,-48.4172,80.6,89,100,2.84
495,Mwinilunga,ZM,2021-11-22 01:21:32,-11.7358,24.4293,60.35,94,99,0.76
496,Cooma,AU,2021-11-22 01:21:33,-36.2333,149.1333,61.11,52,41,6.89
497,Hamilton,US,2021-11-22 01:18:16,39.1834,-84.5333,46.24,95,90,1.01
498,Kununurra,AU,2021-11-22 01:21:34,-15.7667,128.7333,94.98,41,100,8.05
499,Zapolyarnyy,RU,2021-11-22 01:21:35,69.4154,30.8136,22.28,88,20,7.0
500,Zabaykalsk,RU,2021-11-22 01:21:36,49.6333,117.3167,5.09,88,15,11.54
501,Mogok,MM,2021-11-22 01:21:37,22.9167,96.5,62.83,81,4,1.54
502,Xintai,CN,2021-11-22 01:21:38,35.9006,117.7519,32.7,31,0,14.16
503,Shache,CN,2021-11-22 01:21:39,38.4167,77.2406,27.63,45,100,2.71
504,Krasnoselkup,RU,2021-11-22 01:21:39,65.7,82.4667,11.05,93,100,19.53
505,Nabire,ID,2021-11-22 01:21:40,-3.3667,135.4833,86.27,65,24,3.47
506,Orbetello,IT,2021-11-22 01:22:41,42.4408,11.2196,57.22,88,100,5.73
507,Ancud,CL,2021-11-22 01:22:42,-41.8697,-73.8203,56.73,94,85,7.56
508,Puerto Morazan,NI,2021-11-22 01:22:43,12.8504,-87.1717,77.25,81,22,2.46
509,Jyvaskyla,FI,2021-11-22 01:22:43,62.2415,25.7209,21.94,86,0,8.05
510,Sulangan,PH,2021-11-22 01:22:44,11.1373,123.7228,83.19,77,94,8.32
511,Alugan,PH,2021-11-22 01:22:45,12.2188,125.4808,84.56,74,100,7.16
512,Tarsus,TR,2021-11-22 01:22:45,36.9188,34.8784,52.18,56,84,4.56
513,Kommunar,RU,2021-11-22 01:22:46,59.6206,30.39,28.04,63,70,12.64
514,Khash,IR,2021-11-22 01:22:47,28.2211,61.2158,49.08,25,0,3.56
515,Arawa,PG,2021-11-22 01:22:48,-6.2132,155.5367,88.0,63,43,5.37
516,Maputo,MZ,2021-11-22 01:22:49,-25.9653,32.5892,72.23,83,100,1.01
517,Cairns,AU,2021-11-22 01:22:49,-16.9167,145.7667,94.95,55,6,8.05
518,Catamarca,AR,2021-11-22 01:22:50,-28.4696,-65.7852,81.5,43,5,16.22
519,Samfya,ZM,2021-11-22 01:22:51,-11.3649,29.5565,72.09,65,96,2.55
520,Calama,CL,2021-11-22 01:22:51,-22.4667,-68.9333,59.49,12,40,12.66
521,Olafsvik,IS,2021-11-22 01:22:52,64.8945,-23.7142,42.76,80,100,20.42
522,Gladstone,AU,2021-11-22 01:19:13,-23.85,151.25,84.13,58,75,14.97
523,Chiredzi,ZW,2021-11-22 01:22:54,-21.05,31.6667,70.0,95,100,5.7
524,Trinidad,BO,2021-11-22 01:22:55,-14.8333,-64.9,77.04,76,78,4.27
525,San Andres,CO,2021-11-22 01:22:56,12.5847,-81.7006,82.42,83,75,11.5
